title,rating,year,actors,languages,runtime,url
L'âge d'or,7.2,1930,Gaston Modot; Lya Lys; Caridad de Laberdesque; Max Ernst,French,60,https://www.imdb.com//title/tt0021577/
All Quiet on the Western Front,8.1,1930,Lew Ayres; Louis Wolheim; John Wray; Arnold Lucy,English;French;German;Latin,152,https://www.imdb.com//title/tt0020629/
Hell's Angels,7.3,1930,Ben Lyon; James Hall; Jean Harlow; John Darrow,English;German;French,127,https://www.imdb.com//title/tt0020960/
Animal Crackers,7.4,1930,Groucho Marx; Harpo Marx; Chico Marx; The Marx Brothers,English,97,https://www.imdb.com//title/tt0020640/
Der blaue Engel,7.7,1930,Emil Jannings; Marlene Dietrich; Kurt Gerron; Rosa Valetti,German;English;French,104,https://www.imdb.com//title/tt0020697/
Dr. Jekyll and Mr. Hyde,7.6,1931,Fredric March; Miriam Hopkins; Rose Hobart; Holmes Herbert,English,98,https://www.imdb.com//title/tt0022835/
Frankenstein,7.8,1931,Colin Clive; Mae Clarke; Boris Karloff; John Boles,English;Latin,70,https://www.imdb.com//title/tt0021884/
M - Eine Stadt sucht einen Mörder,8.3,1931,Peter Lorre; Ellen Widmann; Inge Landgut; Otto Wernicke,German,117,https://www.imdb.com//title/tt0022100/
City Lights,8.5,1931,Charles Chaplin; Virginia Cherrill; Florence Lee; Harry Myers,None;English,87,https://www.imdb.com//title/tt0021749/
The Public Enemy,7.6,1931,James Cagney; Jean Harlow; Edward Woods; Joan Blondell,English,83,https://www.imdb.com//title/tt0022286/
Scarface,7.7,1932,Paul Muni; Ann Dvorak; Karen Morley; Osgood Perkins,English,93,https://www.imdb.com//title/tt0023427/
Freaks,7.9,1932,Wallace Ford; Leila Hyams; Olga Baclanova; Roscoe Ates,English;German;French,64,https://www.imdb.com//title/tt0022913/
Otona no miru ehon - Umarete wa mita keredo,7.9,1932,Tatsuo Saitô; Tomio Aoki; Mitsuko Yoshikawa; Hideo Sugawara,None;Japanese,100,https://www.imdb.com//title/tt0023634/
Trouble in Paradise (De firma Adam & Eva),8.0,1932,Miriam Hopkins; Kay Francis; Herbert Marshall; Charles Ruggles,English;Italian;French;Russian;Spanish;German,83,https://www.imdb.com//title/tt0023622/
Ik ben een vluchteling,8.2,1932,Paul Muni; Glenda Farrell; Helen Vinson; Noel Francis,English,92,https://www.imdb.com//title/tt0023042/
Das Testament des Dr. Mabuse,7.9,1933,Rudolf Klein-Rogge; Otto Wernicke; Thomy Bourdelle; Gustav Diessl,German;French,122,https://www.imdb.com//title/tt0023563/
King Kong,7.9,1933,Fay Wray; Robert Armstrong; Bruce Cabot; Frank Reicher,English,100,https://www.imdb.com//title/tt0024216/
Gold Diggers of 1933,7.7,1933,Warren William; Joan Blondell; Aline MacMahon; Ruby Keeler,English,97,https://www.imdb.com//title/tt0024069/
Queen Christina,7.6,1933,Greta Garbo; John Gilbert; Ian Keith; Lewis Stone,English;Spanish,99,https://www.imdb.com//title/tt0024481/
De dictator,7.8,1933,Groucho Marx; Harpo Marx; Chico Marx; Zeppo Marx,English,69,https://www.imdb.com//title/tt0023969/
The Gay Divorcee,7.4,1934,Fred Astaire; Ginger Rogers; Alice Brady; Edward Everett Horton,English;French;Italian,107,https://www.imdb.com//title/tt0025164/
Tsarina van Rusland,7.5,1934,Marlene Dietrich; John Lodge; Sam Jaffe; Louise Dresser,English,104,https://www.imdb.com//title/tt0025746/
L'Atalante,7.8,1934,Dita Parlo; Jean Dasté; Gilles Margaritis; Louis Lefebvre,French;Russian,89,https://www.imdb.com//title/tt0024844/
The Thin Man,7.9,1934,William Powell; Myrna Loy; Maureen O'Sullivan; Nat Pendleton,English,91,https://www.imdb.com//title/tt0025878/
Het gebeurde op 'n avond,8.1,1934,Clark Gable; Claudette Colbert; Walter Connolly; Roscoe Karns,English,105,https://www.imdb.com//title/tt0025316/
Top Hat,7.7,1935,Fred Astaire; Ginger Rogers; Edward Everett Horton; Erik Rhodes,English;Italian,101,https://www.imdb.com//title/tt0027125/
Kapitein Blood,7.7,1935,Errol Flynn; Olivia de Havilland; Lionel Atwill; Basil Rathbone,English;French,119,https://www.imdb.com//title/tt0026174/
Bride of Frankenstein,7.8,1935,Boris Karloff; Elsa Lanchester; Colin Clive; Valerie Hobson,English,75,https://www.imdb.com//title/tt0026138/
A Night at the Opera,7.8,1935,Groucho Marx; Chico Marx; Harpo Marx; Kitty Carlisle,English;Italian,96,https://www.imdb.com//title/tt0026778/
A Tale of Two Cities,7.8,1935,Ronald Colman; Elizabeth Allan; Edna May Oliver; Reginald Owen,English,128,https://www.imdb.com//title/tt0027075/
Modern Times,8.5,1936,Charles Chaplin; Paulette Goddard; Henry Bergman; Tiny Sandford,English,87,https://www.imdb.com//title/tt0027977/
My Man Godfrey,8.0,1936,William Powell; Carole Lombard; Alice Brady; Gail Patrick,English;Russian,94,https://www.imdb.com//title/tt0028010/
"Nee, mevrouw, dat nooit!",7.8,1936,Jean Harlow; William Powell; Myrna Loy; Spencer Tracy,English,98,https://www.imdb.com//title/tt0027884/
Dodsworth,7.8,1936,Walter Huston; Ruth Chatterton; Paul Lukas; Mary Astor,English;French;German;Italian,101,https://www.imdb.com//title/tt0027532/
Fury,7.9,1936,Sylvia Sidney; Spencer Tracy; Walter Abel; Bruce Cabot,English,92,https://www.imdb.com//title/tt0027652/
Lost Horizon,7.7,1937,Ronald Colman; Jane Wyatt; Edward Everett Horton; John Howard,English;Mandarin,132,https://www.imdb.com//title/tt0029162/
Die verduivelde waarheid,7.7,1937,Irene Dunne; Cary Grant; Ralph Bellamy; Alexander D'Arcy,English;French;Italian,90,https://www.imdb.com//title/tt0028597/
De stormduivels,8.0,1937,Spencer Tracy; Freddie Bartholomew; Lionel Barrymore; Melvyn Douglas,English;Portuguese,117,https://www.imdb.com//title/tt0028691/
La Grande Illusion,8.1,1937,Jean Gabin; Dita Parlo; Pierre Fresnay; Erich von Stroheim,French;German;English;Russian,113,https://www.imdb.com//title/tt0028950/
Make Way for Tomorrow,8.2,1937,Victor Moore; Beulah Bondi; Fay Bainter; Thomas Mitchell,English,91,https://www.imdb.com//title/tt0029192/
Bringing Up Baby,7.8,1938,Katharine Hepburn; Cary Grant; Charles Ruggles; Walter Catlett,English,102,https://www.imdb.com//title/tt0029947/
The Lady Vanishes,7.8,1938,Margaret Lockwood; Michael Redgrave; Paul Lukas; May Whitty,English;German;French;Italian,96,https://www.imdb.com//title/tt0030341/
Pygmalion,7.8,1938,Leslie Howard; Wendy Hiller; Wilfrid Lawson; Marie Lohr,English,96,https://www.imdb.com//title/tt0030637/
The Adventures of Robin Hood,7.9,1938,Errol Flynn; Olivia de Havilland; Basil Rathbone; Claude Rains,English,102,https://www.imdb.com//title/tt0029843/
Engelen met smerige gezichten,7.9,1938,James Cagney; Pat O'Brien; Humphrey Bogart; Ann Sheridan,English,97,https://www.imdb.com//title/tt0029870/
Gejaagd door de wind,8.2,1939,Clark Gable; Vivien Leigh; Thomas Mitchell; Barbara O'Neil,English,238,https://www.imdb.com//title/tt0031381/
The Wizard of Oz,8.1,1939,Judy Garland; Frank Morgan; Ray Bolger; Bert Lahr,English,102,https://www.imdb.com//title/tt0032138/
Schaduwen uit het verleden,7.9,1939,James Cagney; Humphrey Bogart; Priscilla Lane; Gladys George,English,106,https://www.imdb.com//title/tt0031867/
La règle du jeu,7.9,1939,Marcel Dalio; Nora Gregor; Paulette Dubost; Mila Parély,French;German;English,110,https://www.imdb.com//title/tt0031885/
Mr. Smith Goes to Washington,8.1,1939,James Stewart; Jean Arthur; Claude Rains; Edward Arnold,English,129,https://www.imdb.com//title/tt0031679/
De bronzen godin,7.9,1940,Cary Grant; Katharine Hepburn; James Stewart; Ruth Hussey,English;French,112,https://www.imdb.com//title/tt0032904/
The Grapes of Wrath,8.1,1940,Henry Fonda; Jane Darwell; John Carradine; Charley Grapewin,English,129,https://www.imdb.com//title/tt0032551/
The Shop Around the Corner,8.1,1940,Margaret Sullavan; James Stewart; Frank Morgan; Joseph Schildkraut,English,99,https://www.imdb.com//title/tt0033045/
Rebecca,8.1,1940,Laurence Olivier; Joan Fontaine; George Sanders; Judith Anderson,English;French,130,https://www.imdb.com//title/tt0032976/
De dictator,8.4,1940,Charles Chaplin; Paulette Goddard; Jack Oakie; Reginald Gardiner,English;Esperanto;Latin,125,https://www.imdb.com//title/tt0032553/
Citizen Kane,8.3,1941,Orson Welles; Joseph Cotten; Dorothy Comingore; Agnes Moorehead,English;Italian,119,https://www.imdb.com//title/tt0033467/
The Maltese Falcon,8.0,1941,Humphrey Bogart; Mary Astor; Gladys George; Peter Lorre,English,100,https://www.imdb.com//title/tt0033870/
The Little Foxes,7.9,1941,Bette Davis; Herbert Marshall; Teresa Wright; Richard Carlson,English,116,https://www.imdb.com//title/tt0033836/
Sergeant York,7.7,1941,Gary Cooper; Walter Brennan; Joan Leslie; George Tobias,English;French;German,134,https://www.imdb.com//title/tt0034167/
Sullivan's Travels,7.9,1941,Joel McCrea; Veronica Lake; Robert Warwick; William Demarest,English,90,https://www.imdb.com//title/tt0034240/
Gevangenen van 't verleden,7.9,1942,Ronald Colman; Greer Garson; Philip Dorn; Susan Peters,English,126,https://www.imdb.com//title/tt0035238/
"Now, Voyager",7.9,1942,Bette Davis; Paul Henreid; Claude Rains; Gladys Cooper,English;Portuguese,117,https://www.imdb.com//title/tt0035140/
The Ox-Bow Incident,8.0,1942,Henry Fonda; Dana Andrews; Mary Beth Hughes; Anthony Quinn,English;Spanish,75,https://www.imdb.com//title/tt0036244/
Spionnage in het spel,8.2,1942,Carole Lombard; Jack Benny; Robert Stack; Felix Bressart,English;German,99,https://www.imdb.com//title/tt0035446/
Casablanca,8.5,1942,Humphrey Bogart; Ingrid Bergman; Paul Henreid; Claude Rains,English;French;German;Italian,102,https://www.imdb.com//title/tt0034583/
Shadow of a Doubt,7.8,1943,Teresa Wright; Joseph Cotten; Macdonald Carey; Henry Travers,English,108,https://www.imdb.com//title/tt0036342/
Arsenicum en oude kant,7.9,1943,Cary Grant; Priscilla Lane; Raymond Massey; Jack Carson,English;German,118,https://www.imdb.com//title/tt0036613/
Le corbeau,7.9,1943,Pierre Fresnay; Ginette Leclerc; Micheline Francey; Héléna Manson,French,92,https://www.imdb.com//title/tt0035753/
De dag des oordeels,8.1,1943,Thorkild Roose; Lisbeth Movin; Sigrid Neiiendam; Kirsten Andreasen,Danish,97,https://www.imdb.com//title/tt0036506/
The Life and Death of Colonel Blimp,8.1,1943,Roger Livesey; Deborah Kerr; Anton Walbrook; James McKechnie,English;French;German,163,https://www.imdb.com//title/tt0036112/
Double Indemnity,8.3,1944,Fred MacMurray; Barbara Stanwyck; Edward G. Robinson; Byron Barr,English,107,https://www.imdb.com//title/tt0036775/
Laura,7.9,1944,Gene Tierney; Dana Andrews; Clifton Webb; Vincent Price,English,88,https://www.imdb.com//title/tt0037008/
Avontuur op Martinique,7.8,1944,Humphrey Bogart; Lauren Bacall; Walter Brennan; Dolores Moran,English;French,100,https://www.imdb.com//title/tt0037382/
De belhamel,7.7,1944,Heinz Rühmann; Karin Himboldt; Hilde Sessak; Erich Ponto,German,97,https://www.imdb.com//title/tt0036818/
Gaslicht,7.8,1944,Charles Boyer; Ingrid Bergman; Joseph Cotten; May Whitty,English;Italian,114,https://www.imdb.com//title/tt0036855/
Roma città aperta,8.0,1945,Anna Magnani; Aldo Fabrizi; Marcello Pagliero; Vito Annichiarico,Italian;German;Latin,103,https://www.imdb.com//title/tt0038890/
Er groeit een boom in Brooklyn,8.0,1945,Dorothy McGuire; Joan Blondell; James Dunn; Lloyd Nolan,English,129,https://www.imdb.com//title/tt0038190/
Mildred Pierce,8.0,1945,Joan Crawford; Jack Carson; Zachary Scott; Eve Arden,English;French,111,https://www.imdb.com//title/tt0037913/
Brief Encounter,8.0,1945,Celia Johnson; Trevor Howard; Stanley Holloway; Joyce Carey,English;French,86,https://www.imdb.com//title/tt0037558/
Les enfants du paradis,8.3,1945,Arletty; Jean-Louis Barrault; Pierre Brasseur; Pierre Renoir,French,189,https://www.imdb.com//title/tt0037674/
Notorious,7.9,1946,Cary Grant; Ingrid Bergman; Claude Rains; Louis Calhern,English;French;Portuguese,102,https://www.imdb.com//title/tt0038787/
De schoenpoetsertjes,8.0,1946,Rinaldo Smordoni; Franco Interlenghi; Annielo Mele; Bruno Ortensi,Italian;English,87,https://www.imdb.com//title/tt0038913/
Een Zaak van Leven en Dood,8.0,1946,David Niven; Kim Hunter; Robert Coote; Kathleen Byron,English;French;Russian,104,https://www.imdb.com//title/tt0038733/
De beste jaren van ons leven,8.1,1946,Myrna Loy; Dana Andrews; Fredric March; Teresa Wright,English,170,https://www.imdb.com//title/tt0036868/
It's a Wonderful Life,8.6,1946,James Stewart; Donna Reed; Lionel Barrymore; Thomas Mitchell,English;French,130,https://www.imdb.com//title/tt0038650/
Gangsters vergeten niet,8.0,1947,Robert Mitchum; Jane Greer; Kirk Douglas; Rhonda Fleming,English;American Sign Language,97,https://www.imdb.com//title/tt0039689/
Miracle on 34th Street,7.9,1947,Edmund Gwenn; Maureen O'Hara; John Payne; Gene Lockhart,English;Dutch,96,https://www.imdb.com//title/tt0039628/
Black Narcissus,7.8,1947,Deborah Kerr; David Farrar; Flora Robson; Jenny Laird,English,101,https://www.imdb.com//title/tt0039192/
Mrs. Muir ziet spoken,7.8,1947,Gene Tierney; Rex Harrison; George Sanders; Edna Best,English,104,https://www.imdb.com//title/tt0039420/
Monsieur Verdoux,7.8,1947,Charles Chaplin; Mady Correll; Allison Roddan; Robert Lewis,English,124,https://www.imdb.com//title/tt0039631/
I Remember Mama,7.9,1948,Irene Dunne; Barbara Bel Geddes; Oskar Homolka; Philip Dorn,English;Norwegian;Latin;French,134,https://www.imdb.com//title/tt0040458/
Brief van een onbekende vrouw,7.9,1948,Joan Fontaine; Louis Jourdan; Mady Christians; Marcel Journet,English,87,https://www.imdb.com//title/tt0040536/
The Red Shoes,8.1,1948,Anton Walbrook; Marius Goring; Moira Shearer; Robert Helpmann,English;French;Russian,135,https://www.imdb.com//title/tt0040725/
The Treasure of the Sierra Madre,8.2,1948,Humphrey Bogart; Walter Huston; Tim Holt; Bruce Bennett,English;Spanish,126,https://www.imdb.com//title/tt0040897/
Ladri di biciclette,8.3,1948,Lamberto Maggiorani; Enzo Staiola; Lianella Carell; Elena Altieri,Italian;English;German,89,https://www.imdb.com//title/tt0040522/
Kind Hearts and Coronets,8.0,1949,Dennis Price; Alec Guinness; Valerie Hobson; Joan Greenwood,English;Italian,106,https://www.imdb.com//title/tt0041546/
The Third Man,8.1,1949,Orson Welles; Joseph Cotten; Alida Valli; Trevor Howard,English;German;Russian;French,104,https://www.imdb.com//title/tt0041959/
White Heat,8.1,1949,James Cagney; Virginia Mayo; Edmond O'Brien; Margaret Wycherly,English,114,https://www.imdb.com//title/tt0042041/
De erfgename,8.1,1949,Olivia de Havilland; Montgomery Clift; Ralph Richardson; Miriam Hopkins,English;French,115,https://www.imdb.com//title/tt0041452/
Banshun,8.2,1949,Chishû Ryû; Setsuko Hara; Yumeji Tsukioka; Haruko Sugimura,Japanese,108,https://www.imdb.com//title/tt0041154/
Sunset Boulevard,8.4,1950,William Holden; Gloria Swanson; Erich von Stroheim; Nancy Olson,English,110,https://www.imdb.com//title/tt0043014/
Los olvidados,8.3,1950,Alfonso Mejía; Roberto Cobo; Estela Inda; Miguel Inclán,Spanish,85,https://www.imdb.com//title/tt0042804/
De schuimers van de nacht,7.9,1950,Richard Widmark; Gene Tierney; Googie Withers; Hugh Marlowe,English,101,https://www.imdb.com//title/tt0042788/
Rashômon,8.2,1950,Toshirô Mifune; Machiko Kyô; Masayuki Mori; Takashi Shimura,Japanese,88,https://www.imdb.com//title/tt0042876/
All About Eve,8.2,1950,Bette Davis; Anne Baxter; George Sanders; Celeste Holm,English;French,138,https://www.imdb.com//title/tt0042192/
A Streetcar Named Desire,7.9,1951,Vivien Leigh; Marlon Brando; Kim Hunter; Karl Malden,English;Spanish,122,https://www.imdb.com//title/tt0044081/
De maniak,7.9,1951,Farley Granger; Robert Walker; Ruth Roman; Leo G. Carroll,English;French,101,https://www.imdb.com//title/tt0044079/
Early Summer,8.1,1951,Setsuko Hara; Chishû Ryû; Chikage Awashima; Kuniko Miyake,Japanese;English,125,https://www.imdb.com//title/tt0043313/
Scrooge,8.1,1951,Alastair Sim; Jack Warner; Kathleen Harrison; Mervyn Johns,English,86,https://www.imdb.com//title/tt0044008/
Het grote carnaval,8.1,1951,Kirk Douglas; Jan Sterling; Robert Arthur; Porter Hall,English;Spanish;Latin,111,https://www.imdb.com//title/tt0043338/
Umberto D.,8.2,1952,Carlo Battisti; Maria Pia Casilio; Lina Gennari; Ileana Simova,Italian,89,https://www.imdb.com//title/tt0045274/
Singin' in the Rain,8.3,1952,Gene Kelly; Donald O'Connor; Debbie Reynolds; Jean Hagen,English,103,https://www.imdb.com//title/tt0045152/
Ikiru,8.3,1952,Takashi Shimura; Nobuo Kaneko; Shin'ichi Himori; Haruo Tanaka,Japanese,143,https://www.imdb.com//title/tt0044741/
Jeux interdits,8.0,1952,Georges Poujouly; Brigitte Fossey; Amédée; Laurence Badie,French,86,https://www.imdb.com//title/tt0043686/
Saikaku ichidai onna,8.1,1952,Kinuyo Tanaka; Tsukie Matsuura; Ichirô Sugai; Toshirô Mifune,Japanese,148,https://www.imdb.com//title/tt0045112/
Roman Holiday,8.0,1953,Gregory Peck; Audrey Hepburn; Eddie Albert; Hartley Power,English;Italian;German,118,https://www.imdb.com//title/tt0046250/
Stalag 17,8.0,1953,William Holden; Don Taylor; Otto Preminger; Robert Strauss,English;German;Russian,120,https://www.imdb.com//title/tt0046359/
Het loon van de Angst,8.2,1953,Yves Montand; Charles Vanel; Peter van Eyck; Folco Lulli,French;English;Spanish;German;Italian;Russian,131,https://www.imdb.com//title/tt0046268/
Ugetsu monogatari,8.2,1953,Masayuki Mori; Machiko Kyô; Kinuyo Tanaka; Mitsuko Mito,Japanese,96,https://www.imdb.com//title/tt0046478/
Tôkyô monogatari,8.2,1953,Chishû Ryû; Chieko Higashiyama; Sô Yamamura; Setsuko Hara,Japanese;English,136,https://www.imdb.com//title/tt0046438/
Rear Window,8.5,1954,James Stewart; Grace Kelly; Wendell Corey; Thelma Ritter,English,112,https://www.imdb.com//title/tt0047396/
Shichinin no samurai,8.6,1954,Toshirô Mifune; Takashi Shimura; Keiko Tsushima; Yukiko Shimazaki,Japanese,207,https://www.imdb.com//title/tt0047478/
Dial M for Murder,8.2,1954,Ray Milland; Grace Kelly; Robert Cummings; John Williams,English,105,https://www.imdb.com//title/tt0046912/
On the Waterfront,8.1,1954,Marlon Brando; Karl Malden; Lee J. Cobb; Rod Steiger,English,108,https://www.imdb.com//title/tt0047296/
Sanshô dayû,8.4,1954,Kinuyo Tanaka; Yoshiaki Hanayagi; Kyôko Kagawa; Eitarô Shindô,Japanese,124,https://www.imdb.com//title/tt0047445/
The Night of the Hunter,8.0,1955,Robert Mitchum; Shelley Winters; Lillian Gish; James Gleason,English,92,https://www.imdb.com//title/tt0048424/
Du rififi chez les hommes,8.1,1955,Jean Servais; Carl Möhner; Robert Manuel; Janine Darcey,French;Italian;English,118,https://www.imdb.com//title/tt0048021/
Demonen,8.1,1955,Simone Signoret; Véra Clouzot; Paul Meurisse; Charles Vanel,French;English,117,https://www.imdb.com//title/tt0046911/
Ordet,8.3,1955,Henrik Malberg; Emil Hass Christensen; Preben Lerdorff Rye; Hanne Aagesen,Danish,126,https://www.imdb.com//title/tt0048452/
Pather Panchali,8.3,1955,Kanu Bannerjee; Karuna Bannerjee; Subir Banerjee; Chunibala Devi,Bengali,125,https://www.imdb.com//title/tt0048473/
De Tien Geboden,7.9,1956,Charlton Heston; Yul Brynner; Anne Baxter; Edward G. Robinson,English,220,https://www.imdb.com//title/tt0049833/
The Killing,8.0,1956,Sterling Hayden; Coleen Gray; Vince Edwards; Jay C. Flippen,English,84,https://www.imdb.com//title/tt0049406/
Biruma no tategoto,8.0,1956,Rentarô Mikuni; Shôji Yasui; Tatsuya Mihashi; Jun Hamamura,Japanese;English;Burmese,116,https://www.imdb.com//title/tt0049012/
Aparajito,8.3,1956,Pinaki Sengupta; Smaran Ghosal; Kamala Adhikari; Lalchand Banerjee,Bengali,110,https://www.imdb.com//title/tt0048956/
Un condamné à mort s'est échappé ou Le vent souffle où il veut,8.3,1956,François Leterrier; Charles Le Clainche; Maurice Beerblock; Roland Monod,French;German,101,https://www.imdb.com//title/tt0049902/
Het veld van eer,8.4,1957,Kirk Douglas; Ralph Meeker; Adolphe Menjou; George Macready,English;German;Latin,88,https://www.imdb.com//title/tt0050825/
De 12 gezworenen,9.0,1957,Henry Fonda; Lee J. Cobb; Martin Balsam; John Fiedler,English,96,https://www.imdb.com//title/tt0050083/
Pyaasa,8.3,1957,Guru Dutt; Waheeda Rehman; Mala Sinha; Rehman Khan,Hindi,146,https://www.imdb.com//title/tt0050870/
Letyat zhuravli,8.3,1957,Tatyana Samoylova; Aleksey Batalov; Vasiliy Merkurev; Aleksandr Shvorin,Russian,95,https://www.imdb.com//title/tt0050634/
Witness for the Prosecution,8.4,1957,Tyrone Power; Marlene Dietrich; Charles Laughton; Elsa Lanchester,English;German,116,https://www.imdb.com//title/tt0051201/
I soliti ignoti,7.9,1958,Vittorio Gassman; Marcello Mastroianni; Renato Salvatori; Totò,Italian,106,https://www.imdb.com//title/tt0052216/
Touch of Evil,8.0,1958,Charlton Heston; Orson Welles; Janet Leigh; Joseph Calleia,English;Spanish,95,https://www.imdb.com//title/tt0052311/
Kat op een heet zinken dak,8.0,1958,Elizabeth Taylor; Paul Newman; Burl Ives; Jack Carson,English,108,https://www.imdb.com//title/tt0051459/
Kakushi-toride no san-akunin,8.1,1958,Toshirô Mifune; Misa Uehara; Minoru Chiaki; Kamatari Fujiwara,Japanese,139,https://www.imdb.com//title/tt0051808/
Vertigo,8.3,1958,James Stewart; Kim Novak; Barbara Bel Geddes; Tom Helmore,English,128,https://www.imdb.com//title/tt0052357/
Ballada o soldate,8.2,1959,Vladimir Ivashov; Zhanna Prokhorenko; Antonina Maksimova; Nikolay Kryuchkov,Russian,88,https://www.imdb.com//title/tt0052600/
North by Northwest,8.3,1959,Cary Grant; Eva Marie Saint; James Mason; Jessie Royce Landis,English;French,136,https://www.imdb.com//title/tt0053125/
Ningen no jôken,8.5,1959,Tatsuya Nakadai; Michiyo Aratama; Chikage Awashima; Ineko Arima,Japanese;Mandarin,208,https://www.imdb.com//title/tt0053114/
Ningen no jôken,8.5,1959,Tatsuya Nakadai; Michiyo Aratama; Kokinji Katsura; Jun Tatara,Japanese;Mandarin;Russian,181,https://www.imdb.com//title/tt0053115/
Apur Sansar,8.5,1959,Soumitra Chatterjee; Sharmila Tagore; Alok Chakravarty; Swapan Mukherjee,Bengali,105,https://www.imdb.com//title/tt0052572/
Le trou,8.5,1960,André Bervil; Jean Keraudy; Michel Constantin; Philippe Leroy,French,131,https://www.imdb.com//title/tt0054407/
Psycho,8.5,1960,Anthony Perkins; Janet Leigh; Vera Miles; John Gavin,English,109,https://www.imdb.com//title/tt0054215/
Het appartement,8.3,1960,Jack Lemmon; Shirley MacLaine; Fred MacMurray; Ray Walston,English,125,https://www.imdb.com//title/tt0053604/
Inherit the Wind,8.1,1960,Spencer Tracy; Fredric March; Gene Kelly; Dick York,English,128,https://www.imdb.com//title/tt0053946/
Rocco e i suoi fratelli,8.2,1960,Alain Delon; Renato Salvatori; Annie Girardot; Claudia Cardinale,Italian,179,https://www.imdb.com//title/tt0054248/
La notte,8.0,1961,Jeanne Moreau; Marcello Mastroianni; Monica Vitti; Bernhard Wicki,Italian;English;French,122,https://www.imdb.com//title/tt0054130/
Viridiana,8.1,1961,Silvia Pinal; Francisco Rabal; Fernando Rey; José Calvo,Spanish;English,90,https://www.imdb.com//title/tt0055601/
Yôjinbô,8.2,1961,Toshirô Mifune; Eijirô Tôno; Tatsuya Nakadai; Yôko Tsukasa,Japanese,110,https://www.imdb.com//title/tt0055630/
Oordeel te Neurenberg,8.3,1961,Spencer Tracy; Burt Lancaster; Richard Widmark; Marlene Dietrich,English;German,179,https://www.imdb.com//title/tt0055031/
Ningen no jôken,8.8,1961,Tatsuya Nakadai; Michiyo Aratama; Tamao Nakamura; Yûsuke Kawazu,Japanese;Mandarin;Russian,190,https://www.imdb.com//title/tt0055233/
An Autumn Afternoon,8.1,1962,Chishû Ryû; Shima Iwashita; Keiji Sada; Mariko Okada,Japanese,113,https://www.imdb.com//title/tt0056444/
Il sorpasso,8.2,1962,Vittorio Gassman; Catherine Spaak; Jean-Louis Trintignant; Claudio Gora,Italian;Latin;German;English;Arabic,105,https://www.imdb.com//title/tt0056512/
Lawrence of Arabia,8.3,1962,Peter O'Toole; Alec Guinness; Anthony Quinn; Jack Hawkins,English;Arabic;Turkish,218,https://www.imdb.com//title/tt0056172/
To Kill a Mockingbird,8.3,1962,Gregory Peck; John Megna; Frank Overton; Rosemary Murphy,English,129,https://www.imdb.com//title/tt0056592/
Seppuku,8.6,1962,Tatsuya Nakadai; Akira Ishihama; Shima Iwashita; Tetsurô Tanba,Japanese,133,https://www.imdb.com//title/tt0056058/
The Great Escape,8.2,1963,Steve McQueen; James Garner; Richard Attenborough; Charles Bronson,English;German;French;Russian;Spanish,172,https://www.imdb.com//title/tt0057115/
Tengoku to jigoku,8.4,1963,Toshirô Mifune; Yutaka Sada; Tatsuya Nakadai; Kyôko Kagawa,Japanese,143,https://www.imdb.com//title/tt0057565/
8½,8.0,1963,Marcello Mastroianni; Anouk Aimée; Claudia Cardinale; Sandra Milo,Italian;French;English;German,138,https://www.imdb.com//title/tt0056801/
El verdugo,8.0,1963,Nino Manfredi; Emma Penella; José Isbert; José Luis López Vázquez,Spanish,87,https://www.imdb.com//title/tt0057643/
Nattvardsgästerna,8.1,1963,Ingrid Thulin; Gunnar Björnstrand; Gunnel Lindblom; Max von Sydow,Swedish,81,https://www.imdb.com//title/tt0057358/
Fail Safe,8.0,1964,Henry Fonda; Walter Matthau; Fritz Weaver; Dan O'Herlihy,English,112,https://www.imdb.com//title/tt0058083/
Charulata,8.1,1964,Soumitra Chatterjee; Madhavi Mukherjee; Shailen Mukherjee; Shyamal Ghoshal,Bengali;English,117,https://www.imdb.com//title/tt0057935/
Soy Cuba,8.2,1964,Sergio Corrieri; Salvador Wood; José Gallardo; Raúl García,Spanish;English,141,https://www.imdb.com//title/tt0058604/
Dr. Strangelove or: How I Learned to Stop Worrying and Love the Bomb,8.4,1964,Peter Sellers; George C. Scott; Sterling Hayden; Keenan Wynn,English;Russian,95,https://www.imdb.com//title/tt0057012/
De vrouw in het zand,8.5,1964,Eiji Okada; Kyôko Kishida; Hiroko Itô; Kôji Mitsui,Japanese,147,https://www.imdb.com//title/tt0058625/
For a Few Dollars More,8.2,1965,Clint Eastwood; Lee Van Cleef; Gian Maria Volontè; Mara Krupp,Italian;English,132,https://www.imdb.com//title/tt0059578/
Akahige,8.3,1965,Toshirô Mifune; Yûzô Kayama; Tsutomu Yamazaki; Reiko Dan,Japanese,185,https://www.imdb.com//title/tt0058888/
Oorlog en Vrede,8.3,1965,Lyudmila Saveleva; Vyacheslav Tikhonov; Sergey Bondarchuk; Boris Zakhava,Russian;German;French,453,https://www.imdb.com//title/tt0063794/
Guide,8.4,1965,Dev Anand; Waheeda Rehman; Leela Chitnis; Anwar Hussain,Hindi,183,https://www.imdb.com//title/tt0059246/
Operatsiya 'Y' i drugie priklyucheniya Shurika,8.5,1965,Aleksandr Demyanenko; Mikhail Pugovkin; Aleksei Smirnov; Vladimir Basov,Russian,95,https://www.imdb.com//title/tt0059550/
"The Good, the Bad and the Ugly",8.8,1966,Clint Eastwood; Eli Wallach; Lee Van Cleef; Aldo Giuffrè,Italian;English,161,https://www.imdb.com//title/tt0060196/
Beregis avtomobilya,8.1,1966,Innokentiy Smoktunovskiy; Oleg Efremov; Lyubov Dobrzhanskaya; Olga Aroseva,Russian,94,https://www.imdb.com//title/tt0060161/
Persona,8.1,1966,Bibi Andersson; Liv Ullmann; Margaretha Krook; Gunnar Björnstrand,Swedish;English,85,https://www.imdb.com//title/tt0060827/
Wie is bang voor Virginia Woolf?,8.0,1966,Elizabeth Taylor; Richard Burton; George Segal; Sandy Dennis,English;Latin;Spanish,131,https://www.imdb.com//title/tt0061184/
De slag om Algiers,8.1,1966,Brahim Hadjadj; Jean Martin; Yacef Saadi; Samia Kerbash,Arabic;French;English,121,https://www.imdb.com//title/tt0058946/
Le Samouraï,8.0,1967,Alain Delon; François Périer; Nathalie Delon; Cathy Rosier,French,105,https://www.imdb.com//title/tt0062229/
The Graduate,8.0,1967,Dustin Hoffman; Anne Bancroft; Katharine Ross; William Daniels,English,106,https://www.imdb.com//title/tt0061722/
Cool Hand Luke,8.1,1967,Paul Newman; George Kennedy; Strother Martin; J.D. Cannon,English,127,https://www.imdb.com//title/tt0061512/
Jôi-uchi: Hairyô tsuma shimatsu,8.3,1967,Toshirô Mifune; Yôko Tsukasa; Gô Katô; Tatsuyoshi Ehara,Japanese,128,https://www.imdb.com//title/tt0061847/
"Kavkazskaya plennitsa, ili Novye priklyucheniya Shurika",8.4,1967,Aleksandr Demyanenko; Natalya Varley; Vladimir Etush; Frunzik Mkrtchyan,Russian,82,https://www.imdb.com//title/tt0060584/
Skammen,8.0,1968,Liv Ullmann; Max von Sydow; Sigge Fürst; Gunnar Björnstrand,Swedish,103,https://www.imdb.com//title/tt0063611/
Rosemary's Baby,8.0,1968,Mia Farrow; John Cassavetes; Ruth Gordon; Sidney Blackmer,English,137,https://www.imdb.com//title/tt0063522/
Padosan,8.1,1968,Sunil Dutt; Saira Banu; Mehmood; Kishore Kumar,Hindi,157,https://www.imdb.com//title/tt0063404/
2001: Een zwerftocht in de ruimte,8.3,1968,Keir Dullea; Gary Lockwood; William Sylvester; Daniel Richter,English;Russian;French,149,https://www.imdb.com//title/tt0062622/
Once Upon a Time in the West,8.5,1968,Henry Fonda; Charles Bronson; Claudia Cardinale; Jason Robards,Italian;English;Spanish,165,https://www.imdb.com//title/tt0064116/
A tanú,8.7,1969,Ferenc Kállai; Lajos Öze; Béla Both; Zoltán Fábri,Hungarian,105,https://www.imdb.com//title/tt0065067/
Brilliantovaya ruka,8.4,1969,Yuriy Nikulin; Nina Grebeshkova; Andrey Mironov; Anatoliy Papanov,Russian,94,https://www.imdb.com//title/tt0062759/
The Army of Shadows,8.1,1969,Lino Ventura; Paul Meurisse; Jean-Pierre Cassel; Simone Signoret,French;German;English,145,https://www.imdb.com//title/tt0064040/
Butch Cassidy and the Sundance Kid,8.0,1969,Paul Newman; Robert Redford; Katharine Ross; Strother Martin,English;Spanish,110,https://www.imdb.com//title/tt0064115/
Z,8.2,1969,Yves Montand; Irene Papas; Jean-Louis Trintignant; François Périer,French;Russian;English,127,https://www.imdb.com//title/tt0065234/
Beloe solntse pustyni,7.7,1970,Anatoliy Kuznetsov; Pavel Luspekayev; Spartak Mishulin; Kakhi Kavsadze,Russian,84,https://www.imdb.com//title/tt0066565/
De Rode Cirkel,7.9,1970,Alain Delon; Bourvil; Gian Maria Volontè; Yves Montand,French,140,https://www.imdb.com//title/tt0065531/
Il conformista,7.9,1970,Jean-Louis Trintignant; Stefania Sandrelli; Gastone Moschin; Enzo Tarascio,Italian;French;Latin;Chinese,113,https://www.imdb.com//title/tt0065571/
De dader staat boven verdenking,8.0,1970,Gian Maria Volontè; Florinda Bolkan; Gianni Santuccio; Orazio Orlando,Italian,115,https://www.imdb.com//title/tt0065889/
Patton,8.0,1970,George C. Scott; Karl Malden; Stephen Young; Michael Strong,English;German;French;Russian;Arabic;Italian,172,https://www.imdb.com//title/tt0066206/
Anand,8.1,1971,Rajesh Khanna; Amitabh Bachchan; Sumita Sanyal; Ramesh Deo,Hindi,122,https://www.imdb.com//title/tt0066763/
12 stulev,8.2,1971,Archil Gomiashvili; Sergey Filippov; Mikhail Pugovkin; Glikeriya Bogdanova-Chesnokova,Russian;Lithuanian;German;Georgian;French,153,https://www.imdb.com//title/tt0065670/
A Clockwork Orange,8.3,1971,Malcolm McDowell; Patrick Magee; Michael Bates; Warren Clarke,English,136,https://www.imdb.com//title/tt0066921/
Dzhentlmeny udachi,8.4,1971,Evgeniy Leonov; Georgiy Vitsin; Saveliy Kramarov; Radner Muratov,Russian,88,https://www.imdb.com//title/tt0068519/
De Laatste Kruistocht,8.5,1971,Amza Pellea; Ion Besoiu; Olga Tudorache; Irina Gardescu,Romanian,203,https://www.imdb.com//title/tt0066078/
The Godfather,9.2,1972,Marlon Brando; Al Pacino; James Caan; Diane Keaton,English;Italian;Latin,175,https://www.imdb.com//title/tt0068646/
Solaris,8.0,1972,Natalya Bondarchuk; Donatas Banionis; Jüri Järvet; Vladislav Dvorzhetskiy,Russian;German,167,https://www.imdb.com//title/tt0069293/
Schreeuw zonder antwoord,8.0,1972,Harriet Andersson; Liv Ullmann; Kari Sylwan; Ingrid Thulin,Swedish;German;Danish,91,https://www.imdb.com//title/tt0069467/
Kozure Ôkami: Sanzu no kawa no ubaguruma,7.9,1972,Tomisaburô Wakayama; Kayo Matsuo; Minoru Ôki; Akiji Kobayashi,Japanese,82,https://www.imdb.com//title/tt0068816/
Sleuth,8.0,1972,Laurence Olivier; Michael Caine; Alec Cawthorne; John Matthews,English;Italian,138,https://www.imdb.com//title/tt0069281/
Paper Moon,8.1,1973,Ryan O'Neal; Tatum O'Neal; Madeline Kahn; John Hillerman,English,102,https://www.imdb.com//title/tt0070510/
The Exorcist,8.1,1973,Ellen Burstyn; Max von Sydow; Linda Blair; Lee J. Cobb,English;Latin;Greek;French;German;Arabic;Kurdish,122,https://www.imdb.com//title/tt0070047/
Ivan Vasilevich menyaet professiyu,8.2,1973,Yuriy Yakovlev; Leonid Kuravlyov; Aleksandr Demyanenko; Saveliy Kramarov,Russian;German,88,https://www.imdb.com//title/tt0070233/
The Sting,8.3,1973,Paul Newman; Robert Redford; Robert Shaw; Charles Durning,English,129,https://www.imdb.com//title/tt0070735/
Canim Kardesim,8.7,1973,Tarik Akan; Kahraman Kiral; Halit Akçatepe; Metin Akpinar,Turkish,92,https://www.imdb.com//title/tt0267351/
Chinatown,8.2,1974,Jack Nicholson; Faye Dunaway; John Huston; Perry Lopez,English;Cantonese;Spanish,130,https://www.imdb.com//title/tt0071315/
Köyden Indim Sehire,8.3,1974,Kemal Sunal; Meral Zeren; Zeki Alasya; Metin Akpinar,Turkish,77,https://www.imdb.com//title/tt0252619/
V boy idut odni 'stariki',8.3,1974,Leonid Bykov; Sergey Podgornyy; Sergei Ivanov; Rustam Sagdullaev,Russian;Ukrainian,92,https://www.imdb.com//title/tt0070861/
Scener ur ett äktenskap,8.4,1974,Liv Ullmann; Erland Josephson; Bibi Andersson; Gunnel Lindblom,Swedish,169,https://www.imdb.com//title/tt6725014/
The Godfather: Part II,9.0,1974,Al Pacino; Robert De Niro; Robert Duvall; Diane Keaton,English;Italian;Spanish;Latin;Sicilian,202,https://www.imdb.com//title/tt0071562/
Chupke Chupke,8.3,1975,Dharmendra; Sharmila Tagore; Amitabh Bachchan; Jaya Bachchan,Hindi,146,https://www.imdb.com//title/tt0072783/
Flåklypa Grand Prix,8.5,1975,Wenche Foss; Per Theodor Haugen; Harald Heide-Steen Jr.; Leif Juster,Norwegian,88,https://www.imdb.com//title/tt0073000/
Hababam Sinifi,9.3,1975,Kemal Sunal; Münir Özkul; Halit Akçatepe; Tarik Akan,Turkish,87,https://www.imdb.com//title/tt0252487/
Bizim Aile,8.4,1975,Münir Özkul; Adile Nasit; Tarik Akan; Itir Esen,Turkish,88,https://www.imdb.com//title/tt0456047/
One Flew Over the Cuckoo's Nest,8.7,1975,Jack Nicholson; Louise Fletcher; Michael Berryman; Peter Brocco,English,133,https://www.imdb.com//title/tt0073486/
Süt Kardesler,8.9,1976,Kemal Sunal; Sener Sen; Halit Akçatepe; Hale Soygazi,Turkish,80,https://www.imdb.com//title/tt0253779/
Tosun Pasa,8.9,1976,Kemal Sunal; Müjde Ar; Adile Nasit; Sener Sen,Turkish,90,https://www.imdb.com//title/tt0253828/
Kapicilar Krali,8.4,1976,Kemal Sunal; Sevda Ferdag; Bilge Zobu; Sevket Altug,Turkish,84,https://www.imdb.com//title/tt0252591/
Al-risâlah,8.9,1976,Abdallah Gheith; Mona Wassef; Hamdy Gheith; Ali Achmed Taram,Arabic;English;Hindi,207,https://www.imdb.com//title/tt0075143/
Hababam Sinifi Sinifta Kaldi,8.9,1976,Kemal Sunal; Münir Özkul; Semra Özdamar; Adile Nasit,Turkish,91,https://www.imdb.com//title/tt0252488/
Çöpçüler Krali,8.6,1977,Kemal Sunal; Sener Sen; Aysen Gruda; Ihsan Yüce,Turkish,80,https://www.imdb.com//title/tt0253997/
Hababam Sinifi Tatilde,8.6,1977,Sevda Aktolga; Ahmet Ariman; Filiz Bozkurt; Aysen Gruda,Turkish,97,https://www.imdb.com//title/tt0252489/
Saban Oglu Saban,8.7,1977,Kemal Sunal; Halit Akçatepe; Sener Sen; Sevda Aktolga,Turkish,90,https://www.imdb.com//title/tt0253614/
Hababam Sinifi Uyaniyor,8.8,1977,Tayfun Akalin; Tuncay Akça; Halit Akçatepe; Sitki Akçatepe,Turkish,94,https://www.imdb.com//title/tt0252490/
De sterrenoorlogen,8.6,1977,Mark Hamill; Harrison Ford; Carrie Fisher; Alec Guinness,English,121,https://www.imdb.com//title/tt0076759/
Dawn of the Dead,7.8,1978,David Emge; Ken Foree; Scott H. Reiniger; Gaylen Ross,English;Spanish,127,https://www.imdb.com//title/tt0077402/
Höstsonaten,8.1,1978,Ingrid Bergman; Liv Ullmann; Lena Nyman; Halvar Björk,Swedish;English,99,https://www.imdb.com//title/tt0077711/
The Deer Hunter,8.1,1978,Robert De Niro; Christopher Walken; John Cazale; John Savage,English;Vietnamese;French;Russian;Cantonese,183,https://www.imdb.com//title/tt0077416/
Neseli Günler,8.7,1978,Münir Özkul; Adile Nasit; Sener Sen; Aysen Gruda,Turkish,92,https://www.imdb.com//title/tt0765833/
Kibar Feyzo,8.7,1978,Kemal Sunal; Sener Sen; Ilyas Salman; Adile Nasit,Turkish,83,https://www.imdb.com//title/tt0252597/
Alien,8.5,1979,Sigourney Weaver; Tom Skerritt; John Hurt; Veronica Cartwright,English,117,https://www.imdb.com//title/tt0078748/
Apocalypse Now,8.5,1979,Martin Sheen; Marlon Brando; Robert Duvall; Frederic Forrest,English;French;Vietnamese,147,https://www.imdb.com//title/tt0078788/
Korkusuz Korkak,8.1,1979,Kemal Sunal; Aysen Atav; Turgut Özatay; Nejat Gürçen,Turkish,77,https://www.imdb.com//title/tt0252611/
Golmaal,8.5,1979,Amol Palekar; Bindiya Goswami; Deven Verma; Shobha Khote,Hindi,120,https://www.imdb.com//title/tt0079221/
Stalker,8.1,1979,Alisa Freyndlikh; Aleksandr Kaydanovskiy; Anatoliy Solonitsyn; Nikolay Grinko,Russian,162,https://www.imdb.com//title/tt0079944/
Raging Bull,8.2,1980,Robert De Niro; Cathy Moriarty; Joe Pesci; Frank Vincent,English,129,https://www.imdb.com//title/tt0081398/
The Shining,8.4,1980,Jack Nicholson; Shelley Duvall; Danny Lloyd; Scatman Crothers,English,146,https://www.imdb.com//title/tt0081505/
Zübük,8.6,1980,Kemal Sunal; Nevra Serezli; Kadir Savun; Bülent Kayabas,Turkish,88,https://www.imdb.com//title/tt0253991/
Star Wars: Episode V - The Empire Strikes Back,8.7,1980,Mark Hamill; Harrison Ford; Carrie Fisher; Billy Dee Williams,English,124,https://www.imdb.com//title/tt0080684/
Ko to tamo peva,8.8,1980,Pavle Vuisic; Dragan Nikolic; Danilo 'Bata' Stojkovic; Aleksandar Bercek,Serbo-Croatian,86,https://www.imdb.com//title/tt0076276/
Das Boot,8.4,1981,Jürgen Prochnow; Herbert Grönemeyer; Klaus Wennemann; Hubertus Bengsch,German,149,https://www.imdb.com//title/tt0082096/
Indiana Jones and the Raiders of the Lost Ark,8.4,1981,Harrison Ford; Karen Allen; Paul Freeman; John Rhys-Davies,English;German;Hebrew;Spanish;Arabic;Nepali,115,https://www.imdb.com//title/tt0082971/
Vuk,8.3,1981,Judit Pogány; József Gyabronka; Teri Földi; Gyula Szabó,Hungarian,79,https://www.imdb.com//title/tt0131636/
Davaro: Son Eskiya,8.1,1981,Kemal Sunal; Sener Sen; Pembe Mutlu; Aysen Gruda,Turkish,94,https://www.imdb.com//title/tt0252361/
Mis,8.2,1981,Stanislaw Tym; Barbara Burska; Christine Paul; Krzysztof Kowalewski,Polish;English,111,https://www.imdb.com//title/tt0082755/
Fanny och Alexander,8.1,1982,Bertil Guve; Pernilla Allwin; Kristina Adolphson; Börje Ahlstedt,Swedish;German;Yiddish;English;French,188,https://www.imdb.com//title/tt0083922/
Blade Runner,8.1,1982,Harrison Ford; Rutger Hauer; Sean Young; Edward James Olmos,Low German;English;German;Cantonese;Japanese;Hungarian;Arabic;Korean,117,https://www.imdb.com//title/tt0083658/
The Thing,8.2,1982,Kurt Russell; Wilford Brimley; Keith David; Richard Masur,English;Norwegian,109,https://www.imdb.com//title/tt0084787/
Angoor,8.3,1982,Sanjeev Kumar; Moushumi Chatterjee; Deven Verma; Aruna Irani,Hindi,131,https://www.imdb.com//title/tt0215517/
Maratonci trce pocasni krug,8.9,1982,Bogdan Diklic; Danilo 'Bata' Stojkovic; Pavle Vuisic; Mija Aleksic,Serbian,92,https://www.imdb.com//title/tt0084302/
Nostalgia,8.0,1983,Oleg Yankovskiy; Erland Josephson; Domiziana Giordano; Patrizia Terreno,Russian;Italian,125,https://www.imdb.com//title/tt0086022/
Sekerpare,8.0,1983,Ilyas Salman; Sener Sen; Yaprak Özdemiroglu; Aysen Gruda,Turkish,90,https://www.imdb.com//title/tt0494823/
Jaane Bhi Do Yaaro,8.3,1983,Naseeruddin Shah; Ravi Baswani; Bhakti Barve; Satish Shah,Hindi,132,https://www.imdb.com//title/tt0085743/
Scarface,8.3,1983,Al Pacino; Michelle Pfeiffer; Steven Bauer; Mary Elizabeth Mastrantonio,English;Spanish,170,https://www.imdb.com//title/tt0086250/
Star Wars: Episode VI - Return of the Jedi,8.3,1983,Mark Hamill; Harrison Ford; Carrie Fisher; Billy Dee Williams,English,131,https://www.imdb.com//title/tt0086190/
Balkanski spijun,8.8,1984,Danilo 'Bata' Stojkovic; Bora Todorovic; Mira Banjac; Sonja Savic,Serbo-Croatian,95,https://www.imdb.com//title/tt0086935/
Varljivo leto '68,8.5,1984,Slavko Stimac; Danilo 'Bata' Stojkovic; Mira Banjac; Mija Aleksic,Serbo-Croatian,91,https://www.imdb.com//title/tt0088338/
Namuslu,8.1,1984,Sener Sen; Adile Nasit; Aysen Gruda; Erdal Özyagcilar,Turkish,93,https://www.imdb.com//title/tt0263776/
Once Upon a Time in America,8.3,1984,Robert De Niro; James Woods; Elizabeth McGovern; Treat Williams,English;Italian;French;Yiddish;Hebrew,229,https://www.imdb.com//title/tt0087843/
Amadeus,8.4,1984,F. Murray Abraham; Tom Hulce; Elizabeth Berridge; Roy Dotrice,English;Italian;Latin;German,160,https://www.imdb.com//title/tt0086879/
Esperando la carroza,8.0,1985,Luis Brandoni; China Zorrilla; Antonio Gasalla; Julio De Grazia,Spanish,94,https://www.imdb.com//title/tt0089108/
Ran,8.2,1985,Tatsuya Nakadai; Akira Terao; Jinpachi Nezu; Daisuke Ryû,Japanese,162,https://www.imdb.com//title/tt0089881/
Idi i smotri,8.4,1985,Aleksey Kravchenko; Olga Mironova; Liubomiras Laucevicius; Vladas Bagdonas,Russian;Belarusian;German,142,https://www.imdb.com//title/tt0091251/
Terug naar de toekomst,8.5,1985,Michael J. Fox; Christopher Lloyd; Lea Thompson; Crispin Glover,English,116,https://www.imdb.com//title/tt0088763/
Zügürt Aga,8.7,1985,Sener Sen; Erdal Özyagcilar; Nilgün Nazli; Füsun Demirel,Turkish,101,https://www.imdb.com//title/tt0201368/
Aliens,8.4,1986,Sigourney Weaver; Michael Biehn; Carrie Henn; Paul Reiser,English,137,https://www.imdb.com//title/tt0090605/
Macskafogó,8.4,1986,Miklós Benedek; Gyula Bodrogi; Ilona Béres; Péter Haumann,Hungarian,96,https://www.imdb.com//title/tt0179955/
Stand by Me,8.1,1986,Wil Wheaton; River Phoenix; Corey Feldman; Jerry O'Connell,English,89,https://www.imdb.com//title/tt0092005/
Jean de Florette,8.1,1986,Yves Montand; Gérard Depardieu; Daniel Auteuil; Elisabeth Depardieu,French,120,https://www.imdb.com//title/tt0091288/
Platoon,8.1,1986,Charlie Sheen; Tom Berenger; Willem Dafoe; Keith David,English;Vietnamese,120,https://www.imdb.com//title/tt0091763/
Hachikô monogatari,8.0,1987,Tatsuya Nakadai; Kaoru Yachigusa; Toshinori Omi; Toshirô Yanagiba,Japanese,107,https://www.imdb.com//title/tt0093132/
Khane-ye doust kodjast?,8.1,1987,Babek Ahmed Poor; Ahmed Ahmed Poor; Khodabakhsh Defaei; Iran Outari,Persian,83,https://www.imdb.com//title/tt0093342/
Full Metal Jacket,8.3,1987,Matthew Modine; R. Lee Ermey; Vincent D'Onofrio; Adam Baldwin,English;Vietnamese,116,https://www.imdb.com//title/tt0093058/
Muhsin Bey,8.5,1987,Sener Sen; Ugur Yücel; Sermin Hürmeriç; Osman Cavci,Turkish,119,https://www.imdb.com//title/tt0184756/
Nayakan,8.7,1987,Kamal Haasan; Saranya Ponvannan; Delhi Ganesh; Janakaraj,Hindi;Tamil,145,https://www.imdb.com//title/tt0093603/
Hotaru no haka,8.5,1988,Tsutomu Tatsumi; Ayano Shiraishi; Akemi Yamaguchi; Yoshiko Shinohara,Japanese,89,https://www.imdb.com//title/tt0095327/
Chithram,8.7,1988,Mohanlal; Nedumudi Venu; Renjini; Poornam Vishwanathan,Malayalam,159,https://www.imdb.com//title/tt0214585/
Die Hard,8.2,1988,Bruce Willis; Alan Rickman; Bonnie Bedelia; Reginald VelJohnson,English;German;Italian;Japanese,132,https://www.imdb.com//title/tt0095016/
Krótki film o milosci,8.2,1988,Grazyna Szapolowska; Olaf Lubaszenko; Stefania Iwinska; Piotr Machalica,Polish;Portuguese,87,https://www.imdb.com//title/tt0095467/
Nuovo Cinema Paradiso,8.5,1988,Philippe Noiret; Enzo Cannavale; Antonella Attili; Isa Danieli,Italian,155,https://www.imdb.com//title/tt0095765/
Dead Poets Society,8.1,1989,Robin Williams; Robert Sean Leonard; Ethan Hawke; Josh Charles,English;Latin,128,https://www.imdb.com//title/tt0097165/
Indiana Jones and the Last Crusade,8.2,1989,Harrison Ford; Sean Connery; Alison Doody; Denholm Elliott,English;German;Greek;Arabic,127,https://www.imdb.com//title/tt0097576/
Uçurtmayi Vurmasinlar,8.3,1989,Ozan Bilen; Nur Sürer; Füsun Demirel; Güzin Özipek,Turkish,100,https://www.imdb.com//title/tt0098573/
Oru Vadakkan Veeragatha,8.8,1989,Mammootty; Madhavi; Devan; Suresh Gopi,Malayalam,168,https://www.imdb.com//title/tt0230597/
Kireedam,8.9,1989,Mohanlal; Thilakan; Kaviyoor Ponnamma; Parvathi,Malayalam,124,https://www.imdb.com//title/tt0237376/
Edward Scissorhands,7.9,1990,Johnny Depp; Winona Ryder; Dianne Wiest; Anthony Michael Hall,English,105,https://www.imdb.com//title/tt0099487/
Dances with Wolves,8.0,1990,Kevin Costner; Mary McDonnell; Graham Greene; Rodney A. Grant,English;Sioux;Pawnee,181,https://www.imdb.com//title/tt0099348/
Hamoun,8.0,1990,Pantea Bahram; Ezzatolah Entezami; Bita Farahi; Sedigheh Kianfar,Persian,120,https://www.imdb.com//title/tt0099729/
Nema-ye Nazdik,8.2,1990,Hossain Sabzian; Mohsen Makhmalbaf; Abolfazl Ahankhah; Mehrdad Ahankhah,Persian;Azerbaijani,98,https://www.imdb.com//title/tt0100234/
Goodfellas,8.7,1990,Robert De Niro; Ray Liotta; Joe Pesci; Lorraine Bracco,English;Italian,145,https://www.imdb.com//title/tt0099685/
Terminator 2: Judgment Day,8.6,1991,Arnold Schwarzenegger; Linda Hamilton; Edward Furlong; Robert Patrick,English;Spanish,137,https://www.imdb.com//title/tt0103064/
The Silence of the Lambs,8.6,1991,Jodie Foster; Anthony Hopkins; Lawrence A. Bonney; Kasi Lemmons,English;Latin,118,https://www.imdb.com//title/tt0102926/
Gu ling jie shao nian sha ren shi jian,8.3,1991,Chang Chen; Lisa Yang; Kuo-Chu Chang; Elaine Jin,Mandarin;Min Nan;Shanghainese;English,237,https://www.imdb.com//title/tt0101985/
Da hong deng long gao gao gua,8.1,1991,Gong Li; Jingwu Ma; Saifei He; Cuifen Cao,Mandarin,125,https://www.imdb.com//title/tt0101640/
Thalapathi,8.5,1991,Rajinikanth; Mammootty; Shobana; Arvind Swamy,Tamil,157,https://www.imdb.com//title/tt0101649/
Unforgiven,8.2,1992,Clint Eastwood; Gene Hackman; Morgan Freeman; Richard Harris,English,130,https://www.imdb.com//title/tt0105695/
Jo Jeeta Wohi Sikandar,8.2,1992,Aamir Khan; Ayesha Jhulka; Deepak Tijori; Pooja Bedi,Hindi;English,174,https://www.imdb.com//title/tt0104561/
Mi nismo andjeli,8.3,1992,Nikola Kojo; Milena Pavlovic; Branka Katic; Srdjan 'Zika' Todorovic,Serbian,98,https://www.imdb.com//title/tt0104860/
Reservoir Dogs,8.3,1992,Harvey Keitel; Tim Roth; Michael Madsen; Chris Penn,English,99,https://www.imdb.com//title/tt0105236/
Thevar Magan,8.8,1992,Kamal Haasan; Shivaji Ganesan; Nassar; Revathi,Tamil,145,https://www.imdb.com//title/tt0105575/
In the Name of the Father,8.1,1993,Daniel Day-Lewis; Pete Postlethwaite; Alison Crosbie; Philip King,English,133,https://www.imdb.com//title/tt0107207/
Jurassic Park,8.2,1993,Sam Neill; Laura Dern; Jeff Goldblum; Richard Attenborough,English;Spanish,127,https://www.imdb.com//title/tt0107290/
Devasuram,8.7,1993,Mohanlal; Revathi; Nedumudi Venu; Innocent,Malayalam,187,https://www.imdb.com//title/tt0291855/
Manichitrathazhu,8.8,1993,Shobana; Suresh Gopi; Mohanlal; Vinaya Prasad,Malayalam,169,https://www.imdb.com//title/tt0214915/
Schindler's List,9.0,1993,Liam Neeson; Ralph Fiennes; Ben Kingsley; Caroline Goodall,English;Hebrew;German;Polish;Latin,195,https://www.imdb.com//title/tt0108052/
The Shawshank Redemption,9.3,1994,Tim Robbins; Morgan Freeman; Bob Gunton; William Sadler,English,142,https://www.imdb.com//title/tt0111161/
Pulp Fiction,8.9,1994,John Travolta; Uma Thurman; Samuel L. Jackson; Bruce Willis,English;Spanish;French,154,https://www.imdb.com//title/tt0110912/
Forrest Gump,8.8,1994,Tom Hanks; Robin Wright; Gary Sinise; Sally Field,English,142,https://www.imdb.com//title/tt0109830/
Léon,8.5,1994,Jean Reno; Gary Oldman; Natalie Portman; Danny Aiello,English;Italian;French,110,https://www.imdb.com//title/tt0110413/
The Lion King,8.5,1994,Matthew Broderick; Jeremy Irons; James Earl Jones; Whoopi Goldberg,English;Swahili;Xhosa;Zulu,88,https://www.imdb.com//title/tt0110357/
Heat,8.3,1995,Al Pacino; Robert De Niro; Val Kilmer; Jon Voight,English;Spanish,170,https://www.imdb.com//title/tt0113277/
Braveheart,8.4,1995,Mel Gibson; Sophie Marceau; Patrick McGoohan; Angus Macfadyen,English;French;Latin;Gaelic;Italian,178,https://www.imdb.com//title/tt0112573/
The Usual Suspects,8.5,1995,Kevin Spacey; Gabriel Byrne; Chazz Palminteri; Stephen Baldwin,English;Hungarian;Spanish;French,106,https://www.imdb.com//title/tt0114814/
Seven,8.6,1995,Morgan Freeman; Brad Pitt; Kevin Spacey; Andrew Kevin Walker,English,127,https://www.imdb.com//title/tt0114369/
Spadikam,8.7,1995,Chippy; K.P.A.C. Lalitha; Thilakan; Urvashi,Malayalam,150,https://www.imdb.com//title/tt0292246/
Eskiya,8.1,1996,Sener Sen; Ugur Yücel; Sermin Hürmeriç; Yesim Salkim,Turkish,128,https://www.imdb.com//title/tt0116231/
Trainspotting,8.1,1996,Ewan McGregor; Ewen Bremner; Jonny Lee Miller; Kevin McKidd,English,93,https://www.imdb.com//title/tt0117951/
Fargo,8.1,1996,William H. Macy; Frances McDormand; Steve Buscemi; Peter Stormare,English,98,https://www.imdb.com//title/tt0116282/
Lepa sela lepo gore,8.6,1996,Dragan Bjelogrlic; Nikola Kojo; Dragan Maksimovic; Zoran Cvijanovic,Bosnian;Serbian;English,115,https://www.imdb.com//title/tt0116860/
Poove Unakkaga,8.8,1996,Anju Aravind; Madhan Bob; Charlie; Jai Ganesh,Tamil,150,https://www.imdb.com//title/tt2325915/
Het leven is mooi,8.6,1997,Roberto Benigni; Nicoletta Braschi; Giorgio Cantarini; Giustino Durano,Italian;German;English,116,https://www.imdb.com//title/tt0118799/
Iruvar,8.5,1997,Mohanlal; Aishwarya Rai Bachchan; Prakash Raj; Gautami,Tamil,140,https://www.imdb.com//title/tt0119385/
Good Will Hunting,8.3,1997,Robin Williams; Matt Damon; Ben Affleck; Stellan Skarsgård,English,126,https://www.imdb.com//title/tt0119217/
L.A. Confidential,8.3,1997,Kevin Spacey; Russell Crowe; Guy Pearce; Kim Basinger,English,138,https://www.imdb.com//title/tt0119488/
Mononoke-hime,8.4,1997,Yôji Matsuda; Yuriko Ishida; Yûko Tanaka; Billy Crudup,Japanese,134,https://www.imdb.com//title/tt0119698/
"Lock, Stock and Two Smoking Barrels",8.2,1998,Jason Flemyng; Dexter Fletcher; Nick Moran; Jason Statham,English,107,https://www.imdb.com//title/tt0120735/
Satya,8.3,1998,J.D. Chakravarthi; Manoj Bajpayee; Urmila Matondkar; Paresh Rawal,Hindi,170,https://www.imdb.com//title/tt0195231/
American History X,8.5,1998,Edward Norton; Edward Furlong; Beverly D'Angelo; Jennifer Lien,English,119,https://www.imdb.com//title/tt0120586/
Saving Private Ryan,8.6,1998,Tom Hanks; Matt Damon; Tom Sizemore; Edward Burns,English;French;German;Czech,169,https://www.imdb.com//title/tt0120815/
Lajanje na zvezde,8.7,1998,Dragan Micanovic; Natasa Tapuskovic; Nikola Simic; Velimir 'Bata' Zivojinovic,Serbian,95,https://www.imdb.com//title/tt0187231/
The Matrix,8.7,1999,Keanu Reeves; Laurence Fishburne; Carrie-Anne Moss; Hugo Weaving,English,136,https://www.imdb.com//title/tt0133093/
Fight Club,8.8,1999,Brad Pitt; Edward Norton; Meat Loaf; Zach Grenier,English,139,https://www.imdb.com//title/tt0137523/
Thulladha Manamum Thullum,8.4,1999,Thalapathy Vijay; Simran; Dhamu; Vaiyapuri,Tamil,170,https://www.imdb.com//title/tt1517561/
Mudhalvan,8.4,1999,Arjun Sarja; Manisha Koirala; Raghuvaran; Vadivelu,Tamil,169,https://www.imdb.com//title/tt0220656/
The Green Mile,8.6,1999,Tom Hanks; Michael Clarke Duncan; David Morse; Bonnie Hunt,English;French,189,https://www.imdb.com//title/tt0120689/
Alai Payuthey,8.3,2000,Madhavan; Shalini; Swarnamalya; V. Natarajan,Tamil,156,https://www.imdb.com//title/tt0242256/
Snatch,8.3,2000,Jason Statham; Brad Pitt; Stephen Graham; Vinnie Jones,English;Russian,104,https://www.imdb.com//title/tt0208092/
Memento,8.5,2000,Guy Pearce; Carrie-Anne Moss; Joe Pantoliano; Mark Boone Junior,English,113,https://www.imdb.com//title/tt0209144/
Gladiator,8.5,2000,Russell Crowe; Joaquin Phoenix; Connie Nielsen; Oliver Reed,English,155,https://www.imdb.com//title/tt0172495/
O Auto da Compadecida,8.6,2000,Matheus Nachtergaele; Selton Mello; Rogério Cardoso; Denise Fraga,Portuguese;Latin,104,https://www.imdb.com//title/tt0271383/
Dil Chahta Hai,8.1,2001,Aamir Khan; Saif Ali Khan; Akshaye Khanna; Preity Zinta,Hindi,183,https://www.imdb.com//title/tt0292490/
A Beautiful Mind,8.2,2001,Russell Crowe; Ed Harris; Jennifer Connelly; Christopher Plummer,English,135,https://www.imdb.com//title/tt0268978/
Le fabuleux destin d'Amélie Poulain,8.3,2001,Audrey Tautou; Mathieu Kassovitz; Rufus; Lorella Cravotta,French;Russian;English,122,https://www.imdb.com//title/tt0211915/
Spirited Away,8.6,2001,Daveigh Chase; Suzanne Pleshette; Miyu Irino; Rumi Hiiragi,Japanese;English,125,https://www.imdb.com//title/tt0245429/
The Lord of the Rings: The Fellowship of the Ring,8.8,2001,Elijah Wood; Ian McKellen; Orlando Bloom; Sean Bean,English;Sindarin,178,https://www.imdb.com//title/tt0120737/
Cidade de Deus,8.6,2002,Alexandre Rodrigues; Leandro Firmino; Matheus Nachtergaele; Phellipe Haagensen,Portuguese,130,https://www.imdb.com//title/tt0317248/
The Lord of the Rings: The Two Towers,8.8,2002,Elijah Wood; Ian McKellen; Viggo Mortensen; Orlando Bloom,English;Sindarin;Old English,179,https://www.imdb.com//title/tt0167261/
Filantropica,8.4,2002,Mircea Diaconu; Gheorghe Dinica; Mara Nicolescu; Viorica Voda,Romanian,110,https://www.imdb.com//title/tt0314067/
Kannathil Muthamittal,8.4,2002,Madhavan; Simran; Prakash Raj; Nandita Das,Tamil,136,https://www.imdb.com//title/tt0312859/
The Pianist,8.5,2002,Adrien Brody; Thomas Kretschmann; Frank Finlay; Emilia Fox,English;German;Russian,150,https://www.imdb.com//title/tt0253474/
Profesionalac,8.4,2003,Bora Todorovic; Branislav Lecic; Natasa Ninkovic; Dragan Jovanovic,Serbian,104,https://www.imdb.com//title/tt0339535/
Oldeuboi,8.4,2003,Choi Min-sik; Yoo Ji-Tae; Kang Hye-jeong; Kim Byeong-Ok,Korean,120,https://www.imdb.com//title/tt0364569/
La meglio gioventù,8.5,2003,Luigi Lo Cascio; Alessio Boni; Jasmine Trinca; Adriana Asti,Italian;English;Norwegian,366,https://www.imdb.com//title/tt0346336/
Anbe Sivam,8.7,2003,Kamal Haasan; Madhavan; Kiran Rathod; Nassar,Tamil,160,https://www.imdb.com//title/tt0367495/
The Lord of the Rings: The Return of the King,9.0,2003,Elijah Wood; Viggo Mortensen; Ian McKellen; Orlando Bloom,English;Quenya;Old English;Sindarin,201,https://www.imdb.com//title/tt0167260/
Eternal Sunshine of the Spotless Mind,8.3,2004,Jim Carrey; Kate Winslet; Tom Wilkinson; Gerry Robert Byrne,English,108,https://www.imdb.com//title/tt0338013/
Black Friday,8.4,2004,Kay Kay Menon; Pawan Malhotra; Aditya Srivastav; Dibyendu Bhattacharya,Hindi;English,143,https://www.imdb.com//title/tt0400234/
Virumandi,8.4,2004,Kamal Haasan; Abhirami; Pasupathy; Napolean,Tamil,175,https://www.imdb.com//title/tt0364647/
Kad porastem bicu Kengur,8.4,2004,Sergej Trifunovic; Marija Karan; Nebojsa Glogovac; Boris Milivojevic,Serbian,92,https://www.imdb.com//title/tt0383846/
Marmoulak,8.5,2004,Parviz Parastui; Bahram Ebrahimi; Shahrokh Foroutanian; Farideh Sepah Mansour,Persian,115,https://www.imdb.com//title/tt0416960/
Graves End,8.7,2005,Eric Roberts; Steven Williams; Daniel Roebuck; Valerie Mikita,English,90,https://www.imdb.com//title/tt0419781/
Anniyan,8.3,2005,Vikram; Sada; Prakash Raj; Vivek,Tamil,181,https://www.imdb.com//title/tt0376127/
Athadu,8.3,2005,Mahesh Babu; Trisha Krishnan; Prakash Raj; Sonu Sood,Hindi;Telugu,172,https://www.imdb.com//title/tt0471571/
V for Vendetta,8.2,2005,Hugo Weaving; Natalie Portman; Rupert Graves; Stephen Rea,English,132,https://www.imdb.com//title/tt0434409/
Batman Begins,8.2,2005,Christian Bale; Michael Caine; Ken Watanabe; Liam Neeson,English;Mandarin,140,https://www.imdb.com//title/tt0372784/
Khosla Ka Ghosla!,8.3,2006,Anupam Kher; Boman Irani; Parvin Dabas; Tara Sharma,Hindi,135,https://www.imdb.com//title/tt0466460/
Das Leben der Anderen,8.4,2006,Ulrich Mühe; Martina Gedeck; Sebastian Koch; Ulrich Tukur,German,137,https://www.imdb.com//title/tt0405094/
The Departed,8.5,2006,Leonardo DiCaprio; Matt Damon; Jack Nicholson; Mark Wahlberg,English;Cantonese,151,https://www.imdb.com//title/tt0407887/
Pudhu Pettai,8.5,2006,Dhanush; Sneha; Sonia Agarwal; Azhagam Perumal,Tamil,168,https://www.imdb.com//title/tt0459516/
The Prestige,8.5,2006,Christian Bale; Hugh Jackman; Scarlett Johansson; Michael Caine,English,130,https://www.imdb.com//title/tt0482571/
Into the Wild,8.1,2007,Emile Hirsch; Vince Vaughn; Catherine Keener; Marcia Gay Harden,English;Danish,148,https://www.imdb.com//title/tt0758758/
No Country for Old Men,8.2,2007,Tommy Lee Jones; Javier Bardem; Josh Brolin; Woody Harrelson,English;Spanish,122,https://www.imdb.com//title/tt0477348/
There Will Be Blood,8.2,2007,Daniel Day-Lewis; Paul Dano; Ciarán Hinds; Martin Stringer,English;American Sign Language,158,https://www.imdb.com//title/tt0469494/
Khuda Kay Liye,8.4,2007,Shaan Shahid; Fawad Khan; Iman Ali; Austin Marie Sayre,Urdu;English,168,https://www.imdb.com//title/tt1068956/
Taare Zameen Par,8.4,2007,Darsheel Safary; Aamir Khan; Tisca Chopra; Vipin Sharma,Hindi,165,https://www.imdb.com//title/tt0986264/
WALL·E,8.4,2008,Ben Burtt; Elissa Knight; Jeff Garlin; Fred Willard,English;Hindi,98,https://www.imdb.com//title/tt0910970/
The Dark Knight,9.0,2008,Christian Bale; Heath Ledger; Aaron Eckhart; Michael Caine,English;Mandarin,152,https://www.imdb.com//title/tt0468569/
A Wednesday,8.1,2008,Anupam Kher; Naseeruddin Shah; Virendra Saxena; Mahesh Kanual,Urdu;Hindi,104,https://www.imdb.com//title/tt1280558/
Aasef ala el-iz'ag,8.1,2008,Fares Bakr; Ahmed Helmy; Menna Shalabi; Mahmoud Hemida,Arabic,116,https://www.imdb.com//title/tt1282371/
Vaaranam Aayiram,8.3,2008,Suriya; Simran; Ramya; Sameera Reddy,Tamil,169,https://www.imdb.com//title/tt1180583/
El secreto de sus ojos,8.2,2009,Ricardo Darín; Soledad Villamil; Pablo Rago; Carla Quevedo,Spanish,129,https://www.imdb.com//title/tt1305806/
Up,8.3,2009,Edward Asner; Jordan Nagai; John Ratzenberger; Christopher Plummer,English,96,https://www.imdb.com//title/tt1049413/
Inglourious Basterds,8.3,2009,Brad Pitt; Diane Kruger; Eli Roth; Mélanie Laurent,English;German;French;Italian,153,https://www.imdb.com//title/tt0361748/
3 Idiots,8.4,2009,Aamir Khan; Madhavan; Mona Singh; Sharman Joshi,Hindi;English,170,https://www.imdb.com//title/tt1187043/
Monpura,8.8,2009,Chanchal Chowdhury; Farhana Mili; Shirin Alam; Mohiuddin Bahar,Bengali,136,https://www.imdb.com//title/tt1621830/
Pranchiyettan and the Saint,8.3,2010,Jesse Fox Allen; Innocent; Mammootty; Biju Menon,Malayalam,140,https://www.imdb.com//title/tt1695800/
Incendies,8.3,2010,Lubna Azabal; Mélissa Désormeaux-Poulin; Maxim Gaudette; Mustafa Kamel,French;Arabic;English,131,https://www.imdb.com//title/tt1255953/
Toy Story 3,8.3,2010,Tom Hanks; Tim Allen; Joan Cusack; Ned Beatty,English;Spanish,103,https://www.imdb.com//title/tt0435761/
Inception,8.8,2010,Leonardo DiCaprio; Joseph Gordon-Levitt; Elliot Page; Ken Watanabe,English;Japanese;French,148,https://www.imdb.com//title/tt1375666/
Les Misérables in Concert: The 25th Anniversary,8.8,2010,Alfie Boe; Norm Lewis; Matt Lucas; Jenny Galloway,English,178,https://www.imdb.com//title/tt1754109/
Love on a Leash,8.8,2011,Gloria Winship Ayon; Shane Ayon; Jana Camp; Stephen Kramer Glickman,,90,https://www.imdb.com//title/tt2185022/
Kill Bill: The Whole Bloody Affair,8.8,2011,Uma Thurman; Vivica A. Fox; Michael Madsen; Daryl Hannah,English;Japanese;Mandarin;French;Cantonese;Spanish,247,https://www.imdb.com//title/tt6019206/
The Phantom of the Opera at the Royal Albert Hall,8.8,2011,Ramin Karimloo; Sierra Boggess; Hadley Fraser; Wendy Ferguson,English,137,https://www.imdb.com//title/tt2077886/
A Separation,8.3,2011,Payman Maadi; Leila Hatami; Sareh Bayat; Shahab Hosseini,Persian,123,https://www.imdb.com//title/tt1832382/
The Intouchables,8.5,2011,François Cluzet; Omar Sy; Anne Le Ny; Audrey Fleurot,French;English,112,https://www.imdb.com//title/tt1675434/
Gangs of Wasseypur,8.2,2012,Manoj Bajpayee; Richa Chadha; Nawazuddin Siddiqui; Tigmanshu Dhulia,Hindi,321,https://www.imdb.com//title/tt1954470/
Jagten,8.3,2012,Mads Mikkelsen; Thomas Bo Larsen; Annika Wedderkopp; Lasse Fogelstrøm,Danish;English;Polish,115,https://www.imdb.com//title/tt2106476/
Django Unchained,8.4,2012,Jamie Foxx; Christoph Waltz; Leonardo DiCaprio; Kerry Washington,English;German;French;Italian,165,https://www.imdb.com//title/tt1853728/
Miss Lovely,8.4,2012,Nawazuddin Siddiqui; Niharika Singh; Anil George; Zeena Bhatia,Hindi,113,https://www.imdb.com//title/tt1629715/
The Dark Knight Rises,8.4,2012,Christian Bale; Tom Hardy; Anne Hathaway; Gary Oldman,English;Arabic,164,https://www.imdb.com//title/tt1345836/
Bhaag Milkha Bhaag,8.2,2013,Farhan Akhtar; Japtej Singh; Divya Dutta; Pawan Malhotra,Hindi,186,https://www.imdb.com//title/tt2356180/
Drishyam,8.3,2013,Mohanlal; Meena; Asha Sharath; Ansiba,Malayalam,160,https://www.imdb.com//title/tt3417422/
Soodhu Kavvum,8.3,2013,Vijay Sethupathi; Sanchita Shetty; Radha Ravi; M.S. Bhaskar,Tamil,135,https://www.imdb.com//title/tt2877108/
Vishwaroopam,8.3,2013,Pooja Kumar; Miles Anderson; Kamal Haasan; Rahul Bose,Tamil;English;Hindi,148,https://www.imdb.com//title/tt2199711/
Lucia,8.4,2013,Sathish Neenasam; Sruthi Hariharan; Achyuth Kumar; Sabreen Baker,Kannada,135,https://www.imdb.com//title/tt2358592/
Wheels,8.6,2014,Donavon Warren; Patrick Hume; Diana Gettinger; Kevin McCorkle,English,115,https://www.imdb.com//title/tt2170667/
Interstellar,8.6,2014,Matthew McConaughey; Anne Hathaway; Jessica Chastain; Mackenzie Foy,English,169,https://www.imdb.com//title/tt0816692/
Ulidavaru Kandanthe,8.5,2014,Kishore Kumar G.; Rakshit Shetty; Thara; Achyuth Kumar,Kannada,154,https://www.imdb.com//title/tt3394420/
Chaar Sahibzaade,8.3,2014,Om Puri; Harman Baweja,Punjabi,135,https://www.imdb.com//title/tt4168188/
Whiplash,8.5,2014,Miles Teller; J.K. Simmons; Melissa Benoist; Paul Reiser,English,106,https://www.imdb.com//title/tt2582802/
Thani Oruvan,8.4,2015,Jayam Ravi; Arvind Swamy; Nayanthara; Nassar,Tamil,160,https://www.imdb.com//title/tt4987556/
Uppi 2,8.4,2015,Upendra; Kristina Akheeva; Parul Yadav; Sayaji Shinde,Kannada,135,https://www.imdb.com//title/tt4833824/
RangiTaranga,8.4,2015,Nirup Bhandari; Radhika Narayan; Avantika Shetty; Sai Kumar,Kannada,149,https://www.imdb.com//title/tt4432480/
Visaaranai,8.5,2015,Dinesh; Samuthirakani; Anandhi; Murugadass,Tamil,117,https://www.imdb.com//title/tt4991384/
Bizim Hikaye,9.0,2015,Cansel Elcin; Luk Piyes; Sera Tokdemir; Naz Elmas,Turkish,97,https://www.imdb.com//title/tt4558362/
Sairat,8.4,2016,Rinku Rajguru; Akash Thosar; Arbaz Shaikh; Tanaji Galgunde,Marathi,174,https://www.imdb.com//title/tt5312232/
Aruvi,8.5,2016,Aditi Balan; Padmashri Mohammad Ali; Pradeep Anthony; Arnold,Tamil,130,https://www.imdb.com//title/tt5867800/
Dag II,8.7,2016,Caglar Ertugrul; Ufuk Bayraktar; Ahu Türkpençe; Murat Serezli,Turkish,135,https://www.imdb.com//title/tt5813916/
Natsamrat,8.9,2016,Nana Patekar; Medha Manjrekar; Mrunmayee Deshpande; Sunil Barve,Marathi,166,https://www.imdb.com//title/tt5311546/
Aynabaji,9.2,2016,Chanchal Chowdhury; Masuma Rahman Nabila; Partha Barua; Lutfur Rahman George,Bengali,147,https://www.imdb.com//title/tt5354160/
Aloko Udapadi,9.3,2017,Uddika Premarathna; Dilhani Ekanayake; Roshan Ravindra; Menaka Peiris,Sinhala;Tamil,113,https://www.imdb.com//title/tt5963218/
Ayla: The Daughter of War,8.4,2017,Çetin Tekindor; Ismail Hacioglu; Kyung-jin Lee; Kim Seol,Turkish;Korean;English;Chinese,125,https://www.imdb.com//title/tt6316138/
Coco,8.4,2017,Anthony Gonzalez; Gael García Bernal; Benjamin Bratt; Alanna Ubach,English;Spanish,105,https://www.imdb.com//title/tt2380307/
Baahubali 2: The Conclusion,8.3,2017,Prabhas; Rana Daggubati; Anushka Shetty; Tamannaah Bhatia,Telugu;Tamil;Hindi,167,https://www.imdb.com//title/tt4849438/
Vikram Vedha,8.3,2017,Madhavan; Vijay Sethupathi; Shraddha Srinath; Kathir,Tamil,147,https://www.imdb.com//title/tt6148156/
Mahanati,8.5,2018,Keerthy Suresh; Dulquer Salmaan; Samantha Ruth Prabhu; Vijay Deverakonda,Telugu;Tamil,177,https://www.imdb.com//title/tt7465992/
Avengers: Infinity War,8.5,2018,Robert Downey Jr.; Chris Hemsworth; Mark Ruffalo; Chris Evans,English,149,https://www.imdb.com//title/tt4154756/
Pariyerum Perumal,8.8,2018,Kathir; Anandhi; Yogi Babu; Lijeesh,Tamil,154,https://www.imdb.com//title/tt8176054/
C/o Kancharapalem,8.9,2018,Radha Bessy; Subba Rao Vepada; Praneeta Patnaik; Karthik Rathnam,Telugu,152,https://www.imdb.com//title/tt7391996/
Peranbu,9.1,2018,Mammootty; Sadhana; Anjali; Anjali Ameer,Tamil,147,https://www.imdb.com//title/tt7738784/
Kaithi,8.5,2019,Karthi; Narain; Ramana; George Maryan,Tamil,145,https://www.imdb.com//title/tt9900782/
Gisaengchung,8.5,2019,Kang-ho Song; Sun-kyun Lee; Yeo-jeong Cho; Choi Woo-sik,Korean;English,132,https://www.imdb.com//title/tt6751668/
Kumbalangi Nights,8.6,2019,Shane Nigam; Soubin Shahir; Fahadh Faasil; Sreenath Bhasi,Malayalam,135,https://www.imdb.com//title/tt8413338/
Jersey,8.6,2019,Nani; Shraddha Srinath; Sathyaraj; Harish Kalyan,Telugu,157,https://www.imdb.com//title/tt8948790/
Little Baby,8.7,2019,Priyanshu Chatterjee; Gulnaz Siganporia; Shivani Mahajan; Ravi Khanna,Hindi,105,https://www.imdb.com//title/tt8569206/
